model,auc,f1,accuracy,sensitivity,specificity,precision
KANFIS,0.8366013071895424,0.375,0.8676748582230623,0.6176470588235294,0.8848484848484849,0.2692307692307692
MLP,0.819043374925728,0.3699421965317919,,0.47058823529411764,0.9262626262626262,
RandomForest,0.8223410576351753,0.3458646616541353,,0.3382352941176471,0.9575757575757575,
XGBoost,0.8328579916815211,0.32558139534883723,,0.3088235294117647,0.9595959595959596,
