model,auc,f1,f2,accuracy,sensitivity,specificity,precision
KANFIS@0.5,0.7903594771241831,0.42105263157894735,0.5076142131979695,0.8960302457466919,0.5882352941176471,0.9171717171717172,0.32786885245901637
KANFIS@0.35,0.7903594771241831,0.2786885245901639,0.4473684210526316,0.7504725897920604,0.75,0.7505050505050505,0.17114093959731544
MLP@0.25,0.7845068330362448,0.2764227642276423,0.44502617801047123,,0.75,0.7474747474747475,
RF@0.09,0.7671197266785502,0.27419354838709675,0.4427083333333333,,0.75,0.7444444444444445,
XGB@0.16,0.7673128342245988,0.27419354838709675,0.4427083333333333,,0.75,0.7444444444444445,
