model,auc,f1,accuracy,sensitivity,specificity,precision
KANFIS,0.8099079025549614,0.41304347826086957,0.8979206049149339,0.5588235294117647,0.9212121212121213,0.3275862068965517
MLP,0.8076648841354723,0.4,,0.5147058823529411,0.9272727272727272,
RandomForest,0.8110145573380867,0.38028169014084506,,0.39705882352941174,0.9525252525252526,
XGBoost,0.7948603683897802,0.3137254901960784,,0.35294117647058826,0.9383838383838384,
