model,auc,f1,f2,accuracy,sensitivity,specificity,precision
KANFIS@0.5,0.8116607248960189,0.41836734693877553,0.5125,0.8922495274102079,0.6029411764705882,0.9121212121212121,0.3203125
KANFIS@0.36,0.8116607248960189,0.2857142857142857,0.45454545454545453,0.7589792060491494,0.75,0.7595959595959596,0.17647058823529413
MLP@0.25,0.7845068330362448,0.2764227642276423,0.44502617801047123,,0.75,0.7474747474747475,
RF@0.09,0.7671197266785502,0.27419354838709675,0.4427083333333333,,0.75,0.7444444444444445,
XGB@0.16,0.7673128342245988,0.27419354838709675,0.4427083333333333,,0.75,0.7444444444444445,
