model,auc,f1,f2,accuracy,sensitivity,specificity,precision
KANFIS@0.5,0.7861111111111112,0.37606837606837606,0.502283105022831,0.8620037807183365,0.6470588235294118,0.8767676767676768,0.26506024096385544
KANFIS@0.35,0.7861111111111112,0.24413145539906103,0.4126984126984127,0.6956521739130435,0.7647058823529411,0.6909090909090909,0.1652513966480447
MLP@0.25,0.7845068330362448,0.2764227642276423,0.44502617801047123,,0.75,0.7474747474747475,0.16943521594684385
RF@0.09,0.7671197266785502,0.27419354838709675,0.4427083333333333,,0.75,0.7444444444444445,0.16776315789473684
XGB@0.16,0.7673128342245988,0.27419354838709675,0.4427083333333333,,0.75,0.7444444444444445,0.16776315789473684
